<?xml version="1.0" encoding="windows-1252"?>
<!--  This file conforms to the DTD xdc/bld/build.dtd -->
<package name="configPkg" version="" producerId="undefined">
    <units>
    </units>
    <sources>
        <srcFile name="package/cfg/hello_p64P.c"/>
    </sources>
    <configscripts>
        <srcFile name="C:/Users/Usuario/Documents/Asignaturas/Arquitecturas Avanzadas y Especificas/Proyecto_base/hello.cfg"/>
    </configscripts>
    <makefiles>
        <srcFile name="package.mak" src="package.bld"/>
        <srcFile name="package/package.xdc.dep" src="package.xdc"/>
        <srcFile name="package/cfg/hello_p64P.mak" src="package.bld"/>
        <srcFile name="package/cfg/hello_p64P.o64P.dep" src="package/cfg/hello_p64P.c"/>
        <srcFile name="package/cfg/hello_p64P.dep" src="package/cfg/hello_p64P.cfg"/>
        <srcFile name="package/cfg/hello.x64P.mak" src="package.bld"/>
        <srcFile name="package/rel/configPkg.tar.dep" src="package/rel/configPkg.xdc.inc"/>
    </makefiles>
    <targets>
        <target name="ti.targets.C64P"
            version="ti.targets.C64P{1,0,7.4,4"
            rawVersion="7.4.4"
            platform="ti.platforms.sim6xxx:TMS320CDM420"
            isa="64P"
            suffix="64P"
            rootDir="C:/ti/ccsv5/tools/compiler/c6000_7.4.4"
            os="undefined"
            rts="ti.targets.rts6000">
            <model endian="little"
                codeModel="undefined"
                dataModel="undefined"/>
        </target>
    </targets>
    <libraries>
    </libraries>
    <configurations>
    <configuration name="hello"
        pname="hello.p64P"
        target="ti.targets.C64P"
        platform="ti.platforms.sim64Pxx"
        profile="debug"
        isPartial="false"
        xCfgScript="package/cfg/hello_p64P.cfg"
        xCfgPrefix="package/cfg/hello_p64P"
        cfgScript="C:/Users/Usuario/Documents/Asignaturas/Arquitecturas Avanzadas y Especificas/Proyecto_base/hello.cfg"
        cfgArgs="null"
        />
    </configurations>
    <executables>
    <executable name="hello"
        pname="hello.x64P"
        target="ti.targets.C64P"
        platform="ti.platforms.sim64Pxx"
        profile="debug"
        xCfgScript="package/cfg/hello_p64P.cfg"
        xCfgPrefix="package/cfg/hello_p64P"
        cfgScript="C:/Users/Usuario/Documents/Asignaturas/Arquitecturas Avanzadas y Especificas/Proyecto_base/hello.cfg"
        cfgArgs="null"
        />
    </executables>
    <tests>
    <test exeName="hello.x64P"
        args=""
        groupName="hello.x64P"
        refOutput="undefined"
        refExitCode="0"
        execArgs=""
        />
    </tests>
    <releases relDir="package/rel/">
    <release name="configPkg"
        pname="configPkg.tar"
        label="default"
    >
        <file name="package/package.bld.xml"/>
        <file name="package/build.cfg"/>
        <file name="package/package.xdc.inc"/>
    </release>
    </releases>
    <repositories>
    </repositories>
</package>
